{"cameraMode":{"drawMode":0,"name":"Shaded","section":"Shading Mode"},"sceneLighting":false,"audioPlay":false,"sceneViewState":{"showFog":true,"showMaterialUpdate":true,"showSkybox":true,"showFlares":true,"showImageEffects":true,"showParticleSystems":true},"in2DMode":false,"pivot":{"x":1.1151312589645386,"y":-2.2354516983032228,"z":6.5097479820251469},"rotation":{"x":0.6925677061080933,"y":0.11120496690273285,"z":-0.10935437679290772,"w":0.704290509223938},"size":14.458407402038575,"orthographic":false}