{"cameraMode":{"drawMode":0,"name":"Shaded","section":"Shading Mode"},"sceneLighting":true,"audioPlay":false,"sceneViewState":{"showFog":true,"showMaterialUpdate":true,"showSkybox":true,"showFlares":true,"showImageEffects":true,"showParticleSystems":true},"in2DMode":false,"pivot":{"x":46.933135986328128,"y":25.696928024291993,"z":-20.182296752929689},"rotation":{"x":0.19960784912109376,"y":0.022046659141778947,"z":-0.004491471219807863,"w":0.9796175360679627},"size":4.041658401489258,"orthographic":false}