{"cameraMode":{"drawMode":0,"name":"Shaded","section":"Shading Mode"},"sceneLighting":false,"audioPlay":false,"sceneViewState":{"showFog":true,"showMaterialUpdate":true,"showSkybox":true,"showFlares":true,"showImageEffects":true,"showParticleSystems":true},"in2DMode":false,"pivot":{"x":-4.673351764678955,"y":2.2599945068359377,"z":-28.462364196777345},"rotation":{"x":0.07870173454284668,"y":-0.345436692237854,"z":0.029085727408528329,"w":0.9346836805343628},"size":8.794325828552246,"orthographic":false}