{"cameraMode":{"drawMode":0,"name":"Shaded","section":"Shading Mode"},"sceneLighting":false,"audioPlay":false,"sceneViewState":{"showFog":true,"showMaterialUpdate":true,"showSkybox":true,"showFlares":true,"showImageEffects":true,"showParticleSystems":true},"in2DMode":false,"pivot":{"x":0.0,"y":8.770000457763672,"z":76.02825927734375},"rotation":{"x":0.07870173454284668,"y":-0.345436692237854,"z":0.029085727408528329,"w":0.9346836805343628},"size":27.463016510009767,"orthographic":false}